;title;author;published_date;published_date_precision;link;clean_url;excerpt;summary;rights;rank;topic;country;language;authors;media;is_opinion;twitter_account;_score;_id
0;Launching Open Source python library, VevestaX: track your Machine Learning experiments and features in an excel using 5 lines of code : Python;/u/vevesta;2022-03-22 09:43:33;full;https://www.reddit.com/r/Python/comments/tjz9fx/launching_open_source_python_library_vevestax;reddit.com;Hi everyone! We have launched an awesome open source python project that we have developed. We have created a Python module named VevestaX: Easiest library in to track Machine learning experiments and features in an excel file with 5 lines of code ! You can check out the source code at our GitHub page: https://github.com/Vevesta/VevestaX Please find a sample output file https://docs.google.com/spreadsheets/d/1iOL3jiiQ834_vep5E4fPpxj7QDGVxOBJ/edit Please register https://forms.gle/samkZ1gDR53xDvPg7 as beta testers. Eager to hear from you. We are also reachable on [vevestaX@vevesta.com](mailto:vevestaX@vevesta.com). Please star our repository if you want to see it grow ! submitted by /u/vevesta [link] [comments];"Hi everyone! We have launched an awesome open source python project that we have developed.

We have created a Python module named VevestaX: Easiest library in to track Machine learning experiments and features in an excel file with 5 lines of code !

You can check out the source code at our GitHub page: https://github.com/Vevesta/VevestaX

Please find a sample output file https://docs.google.com/spreadsheets/d/1iOL3jiiQ834_vep5E4fPpxj7QDGVxOBJ/edit

Please register https://forms.gle/samkZ1gDR53xDvPg7 as beta testers.";reddit.com;38;tech;US;en;['/u/vevesta'];https://external-preview.redd.it/sloeEFDrIi3MMlYAdX8-eznGrYxnVL1AkvetdoeqDZg.jpg?auto=webp&s=d4236a483a23eda3461bf2c19558793d7ca737b3;False;;21.639448;ee7046fd8e2db1c20218cddc3a7bece0
1;Developing AI Web Applications in Python;AnnaSharland;2022-03-19 01:52:54;full;https://hackernoon.com/developing-ai-web-applications-in-python;hackernoon.com;Read in this blog, How Python in Artificial Intelligence is an Ideal Fit for Web Development Projects?;Technical content writerThe global AI market is going to reach $190.61 billion by 2025. Artificial Intelligence holds a compound annual growth rate of 40.2% from 2021 to 2028. The revenue forecast of AI in 2028 stands at a whopping $997.7 billion. Business leaders firmly believe that AI will become fundamental, and 94% consider it will create multiple innovative opportunities. Artificial Intelligence (AI) has long been an essential part of any business that relies on data, analytics, and automation to run its business processes and operations.;hackernoon.com;1899;tech;US;en;['AnnaSharland'];https://cdn.hackernoon.com/images/3WkIqMH13eTAHrnhYBLgQBK0A1z2-1ae3jc3.jpeg;False;;21.115534;5956cefc13cdf76618ffd19b78247f6e
2;Mail merge in python;/u/Real_Cut_9360;2022-03-23 19:30:12;full;https://www.reddit.com/r/Python/comments/tl9dbz/mail_merge_in_python;reddit.com;I have a excel/CSV data where in a single customer has multiple orders in different lines. Can I generate a list of text files in which each customer's multiple orders are present. Much like a invoice copy. Any clues on how to do this is highly appreciated ... PS ... I am learning python submitted by /u/Real_Cut_9360 [link] [comments];"I have a excel/CSV data where in a single customer has multiple orders in different lines. Can I generate a list of text files in which each customer's multiple orders are present. Much like a invoice copy. Any clues on how to do this is highly appreciated ...

PS ... I am learning python";reddit.com;38;tech;US;en;['/u/Real_Cut_9360'];https://www.redditstatic.com/desktop2x/img/favicon/apple-icon-57x57.png;False;;20.344501;0aabe31c67bfaecaad8dc40daa3c3ae4
3;The Best Free Resources for Learning Python;Jesse J Rogers;2022-03-23 16:19:29;full;https://jessejrogers.medium.com/the-best-free-resources-for-learning-python-48980e1126d9;medium.com;If you're interested in studying and training artificial intelligence then you're probably either fluent in Python already, or you're‚Ä¶;Photo by Roman Synkevych üá∫üá¶ on UnsplashIf you're interested in studying and training artificial intelligence then you're probably either fluent in Python already, or you're trying to learn. It's one of the most popular languages because of its ease of use, versatility, large community, and excellent libraries.I'm in the second category. As an abbreviated follow-up to my longer article, I wanted to share some of the resources‚Ä¶;medium.com;52;entertainment;US;en;['Jesse J Rogers'];https://miro.medium.com/max/1200/0*wlM1EmIas-uyhKJc;False;@Medium;20.205957;d30715a7a996bfec0f57b81700d01807
4;Building Your First Startup with Python and Node.js;SoftFormance;2022-03-19 02:11:18;full;https://hackernoon.com/building-your-first-startup-with-python-and-nodejs;hackernoon.com;This article is for business owners willing to launch their first product. In this material, we will discuss and try to compare two popular backend solutions.;"Examples of software you can build with Python and Node.js 


The original article was written by SoftFormance https://www.softformance.com/blog/python-vs-nodejs/
This article is for business owners willing to launch their first product.But‚Ä¶
If you're at least a bit tech-savvy person you'd probably think I'm insane to post an article called 'Python vs Node.js.'
Python is a language and Node.js is a framework. So, how can we even try to compare them?
I'm a former programmer myself and I certainly know this üôÇ But also, I know that there is some good traffic and keywords running in Google searches for 'python vs node.";hackernoon.com;1899;tech;US;en;['SoftFormance'];https://cdn.hackernoon.com/images/r2mufnb8VLUabHTOo79SCaO99mv1-oz93o09.jpeg;False;;19.933578;6327472be707707d69757a1deecab542
5;Use Join to Concatenate Text Not '+';Yancy Dennis;2022-03-18 01:19:25;full;https://medium.com/@dennisyd/use-join-to-concatenate-text-not-90bae58c4275?source=rss------artificial_intelligence-5;medium.com;I just read an article on medium about using the '+' sign to concatenate text:Continue reading on Medium ¬ª;"Use Join to Concatenate Text Not '+'

I just read an article on medium about using the '+' sign to concatenate text:

https://medium.com/@deallen7/how-to-use-pythons-equivalent-of-excel-s-concat-function-d645216428c5

Sure it works, but it is definitely not the best way to do it.

Photo by Hannah Busing on Unsplash

I recommend using join, it offers more flexibility than using the '+' sign.";medium.com;52;entertainment;US;en;['Yancy Dennis'];https://miro.medium.com/max/1200/1*frrMOkeilnN1TKlE03tnpQ.jpeg;False;@Medium;18.311544;ce19bd0e062bfd96da8d90754e2fcf0f
6;Network Reconstruction and Modelling Made Reproducible with moped;Oliver Ebenh√∂h;2022-03-22 00:00:00;date;https://www.mdpi.com/2218-1989/12/4/275;mdpi.com;Mathematical modeling of metabolic networks is a powerful approach to investigate the underlying principles of metabolism and growth. Such approaches include, among others, differential-equation-based‚Ä¶;"Open AccessArticle by
 1,‚Ä†, 1,‚Ä† and 1,2,* 


1
Institute of Quantitative and Theoretical Biology, Heinrich-Heine-Universit√§t D√ºsseldorf, Universit√§tsstra√üe 1, 40225 D√ºsseldorf, Germany


2
Cluster of Excellence on Plant Sciences (CEPLAS), Heinrich-Heine-Universit√§t D√ºsseldorf, Universit√§tsstra√üe 1, 40225 D√ºsseldorf, Germany


*
Author to whom correspondence should be addressed. 


‚Ä†
These authors contributed equally to this work.


 Academic Editors: Oscar Dias, Hunter N. B. Moseley and Miguel Rocha

Metabolites 2022, 12(4), 275; https://doi.";Creative Commons Attribution (CC-BY);668;science;CH;en;['Nima P. Saadat', 'Marvin van Aalst', 'Oliver Ebenh√∂h'];https://www.mdpi.com/metabolites/metabolites-12-00275/article_deploy/html/images/metabolites-12-00275-g001-550.jpg;False;@MDPIOpenAccess;17.204117;0707fc13fcb3373536af2a10576db987
7;10 LinkedIn certifications to learn job-ready skills;Aparajita Sarkar;2022-03-20 15:15:00;timezone unknown;https://www.telegraphindia.com/edugraph/career/10-linkedin-certifications-to-learn-job-ready-skills/cid/1856781;telegraphindia.com;Flexibility has become the buzzword in the job market, with traditional desk jobs gradually making way for work-from-home responsibilities. This trend has spilled over in professional certification‚Ä¶;Flexibility has become the buzzword in the job market, with traditional desk jobs gradually making way for work-from-home responsibilities. This trend has spilled over in professional certification courses as upskilling is now mostly being done through online courses. Against this background, LinkedIn, the world's largest professional networking service, is offering certification courses for beginners, young professionals and pros. Doing these courses will not only add value to your profile but also enable you to build a portfolio of job-ready skills.;telegraphindia.com;6137;news;IN;en;[];https://assets.telegraphindia.com/telegraph/2022/Mar/1647770110_shutterstock_1929246683-1.jpg;False;Telegraph India;17.095339;d0f60a7160bddcb2bdab7488afaf0075
8;The 10 Best Beginner Projects for New Programmers;Anthony Grant;2022-03-22 10:21:19;full;https://www.makeuseof.com/tag/beginner-programming-projects;makeuseof.com;Want to learn programming but don't know where to start? These beginner programming projects and tutorials will start you off.;"There are so many things to wrap your mind around when you're just starting out programming. If you're not mastering PHP, you're learning Python. If it's not a programming language, it's a new web framework. You've got to start somewhere. When there's so much to learn, where should you begin? The best way to sharpen your programming skills is by applying your knowledge to one of many simple programming projects.
Whether you're a beginner or you're getting back into coding after some time away, here are the best programming project ideas to build your confidence and to make you a better developer.";makeuseof.com;1729;news;CA;en;['Anthony Grant'];https://static1.makeuseofimages.com/wordpress/wp-content/uploads/2018/09/beginner-projects-programmers.jpg;False;@MUO_official;16.27128;728e39f76efce060ca1161f1954ed93a
9;Data Engineer Vs Data Scientist;Milind Desai;2022-03-18 14:50:05;full;https://medium.com/@milind.bapuji.desai/data-engineer-vs-data-scientist-220c985e04b2;medium.com;Data Engineers and Data Scientists are two popularly known roles in the field of Data Science. In this article, you will discover what are‚Ä¶;Data Engineers and Data Scientists are two popularly known roles in the field of Data Science. In this article, you will discover what are these roles and what are their primary responsibilities. You will also discover the skills that you should acquire to become a data engineer or a data scientist.Data engineers primarily work on designing, building, and deploying systems and infrastructure for making the data available to data analysts and data scientists.Data engineers work developing and optimizing the systems for maintaining the continuous flow of the data from various sources such as databases, big data warehouses, and data lakes.;medium.com;52;entertainment;US;en;['Milind Desai'];https://miro.medium.com/max/940/1*X6X9-tqX2KS1ayTIdXLAQg.png;False;@theMilind10x;15.111698;e77625804f6f45b8017a76b91dbeaaae
10;Lecturer on the Foundation Year Programme in Engineering and Physical Sciences job with UNIVERSITY OF SURREY;;2022-03-25 00:07:16;full;https://www.timeshighereducation.com/unijobs/listing/287402/lecturer-on-the-foundation-year-programme-in-engineering-and-physical-sciences;timeshighereducation.com;An exciting opportunity has arisen for a team player to join our strong and dedicated lecturing (teaching track) team specialising ...;FEPS Central Faculty Admin Location: Guildford Salary:¬†¬£33,309 to ¬£40,927 per annum Fixed Term Post Type: Full Time Closing Date:¬†23.59 hours BST on Thursday 21 April 2022 Reference: 019822 Since its introduction in 2018, the University of Surrey Faculty of Engineering & Physical Sciences Foundation Year has rapidly established itself as one of the leading programme areas in the university in terms of both staff and student performance. Our foundation programmes in Engineering and Physical Sciences and Mathematics offer a challenging and interesting route into a diverse range of degree studies in the faculty.;timeshighereducation.com;1838;news;GB;en;[];"https://www.timeshighereducation.com/unijobs/getasset/2b01efa9-94fe-4dfc-95bf-21cb66b8f41f/;w=600;h=315";False;@timeshigherjobs;14.602973;5795d4058e8ca0ac21932b05684a6539
11;Registration for UMF May and Summer Session courses open to the public;BDN Community;2022-03-21 19:15:24;full;https://bangordailynews.com/2022/03/21/bdn-maine/registration-for-umf-may-and-summer-session-courses-open-to-the-public;bangordailynews.com;FARMINGTON ‚Äî Registration for 2022 University of Maine at Farmington May and Summer Session courses is now open to the public.A wide-ranging selection of;FARMINGTON ‚Äî Registration for 2022 University of Maine at Farmington May and Summer Session courses is now open to the public.A wide-ranging selection of online, hybrid and in-person classes are being offered across the University featuring courses in¬†Art History, Biology, Business, Computer Science, Early Childhood and Early Childhood Special Education, Education, English, Environmental Science, Health, History, Mathematics, Philosophy, Physical Education, Political Science, Psychology, Recreation, and Rehabilitation.;bangordailynews.com;3760;news;US;en;['BDN Community'];https://bdn-data.s3.amazonaws.com/uploads/2022/03/RP212-045-scaled-1.jpg;False;@bangordailynews;14.576048;5e474bdcb51ad27d1492646c9983028f
12;Boost your coding literacy with this $29 online bootcamp;Stack Commerce;2022-03-23 09:00:00;full;https://www.popsci.com/sponsored-post/coding-101-online-bootcamp-sale;popsci.com;Become more digitally fluent.;Just like you don't¬†really¬†need to understand the quadratic formula to function in your daily life, there is¬†really¬†no need to learn how to code. Most people will never write a line of code in their lives and still have a meaningful existence. But even if programming isn't a necessity, and probably never will be, possessing the skill to command software or hardware to execute things could prove to be useful, on top of spicing up your resume. Coding literacy enables you to gain a deeper understanding of tech, the very mechanisms that you deal with every day.;popsci.com;1095;news;US;en;['Stack Commerce'];https://www.popsci.com/uploads/2022/03/21/image-2.jpeg?auto=webp;False;;14.051258;c0659e8b6af3d57fec9b844f430064e4
13;Study for cybersecurity certification exams with this $69 membership;ZDNet Academy;2022-03-21 14:30:01;timezone unknown;https://www.zdnet.com/article/study-for-cybersecurity-certification-exams-with-this-69-membership;zdnet.com;Advance your career with this lifetime cybersecurity certification training.;StackCommerce Cyber attacks are growing in frequency and severity, resulting in¬†over 2.5 million cybersecurity positions¬†becoming available worldwide. This high demand is also why the average cybersecurity professional can earn over $100,000, while even entry-level positions start close to $90,000.¬†Needless to say, cybersecurity can pay well and has built-in job security. But if you're interested in finding a job in this field, you'll need to show employers that you have the right skills. An Infosec4TC Platinum Membership can give you an entire career's worth of cybersecurity training, and it's on sale now for $69.;zdnet.com;298;news;US;en;['Zdnet Academy'];https://www.zdnet.com/a/img/resize/52a4c4e5407a3e6f8ae69333118c8feffe90ed53/2022/03/16/a83d2feb-8591-40eb-8c82-68609ac83367/zd-mega-lifetime-bundle.jpg?width=770&height=578&fit=crop&auto=webp;False;@ZDNet;13.770771;88f68570c35e2af3244150933aeae44d
14;Adafruit MacroPad RP2040 Review: Automate Your Workflows;Tina Sieber;2022-03-18 13:05:14;full;https://www.makeuseof.com/adafruit-macropad-rp2040-starter-kit-review;makeuseof.com;This¬†Raspberry Pi-powered microcontroller comes with a dozen keys, a tiny OLED display, and it's beginner-friendly. Here's what you can do with it.;"Few things are more draining than boring repetitive tasks. The Adafruit MacroPad RP2040 can boost your productivity by automating tasks. It's fun to set up and gorgeous to look at, too.

The MacroPad is a Raspberry Pi-powered microcontroller with a dozen keys, a tiny OLED display, and sound. We'll show you how it works, what you can do with it, and whether it's worth investing in!

What Is the Adafruit MacroPad RP2040?

Photo credits: Tina Sieber

A macropad is a tiny keyboard, much like a standalone number keypad, but programmable to run macros, control programs, or trigger keyboard shortcuts.";makeuseof.com;1729;news;CA;en;['Tina Sieber'];https://static1.makeuseofimages.com/wordpress/wp-content/uploads/2022/03/adafruit-macropad-1.jpg;False;@MUO_official;13.750201;2a8b584e9776b0844332078e4794898c
15;Great Learning, An Ed-Tech In India That Offers Top-Quality Data Science Courses;;2022-03-23 11:36:57;full;https://www.outlookindia.com/business-spotlight/great-learning-an-ed-tech-in-india-that-offers-top-quality-data-science-courses-news-188190;outlookindia.com;The courses offer the right tools and techniques of data science along with real-world case studies that enable the candidates to gain extensive knowledge around this space in implementing tools like‚Ä¶;There are many data science education platforms available, so finding the right one can be challenging. Great Learning is a top Data Science institute in India that provides excellent training in data science courses. Meaningful data is worth its weight in gold, and that's evident with the growing demand for professionals who specialize in churning out the right data for various business purposes. Today, the majority of companies use insights based on the data retrieved from various sources to boost their business proceeds.;outlookindia.com;4884;news;IN;en;[];https://imgnew.outlookindia.com/uploadimage/library/16_9/16_9_5/IMAGE_1648035125.webp?utm_source=fb;False;@outlookindia;13.700761;fd51353c9f63761a642e2022f044c986
16;Hex scores $52M Series B to grow data science collaboration platform ‚Äì TechCrunch;;2022-03-22 14:18:18;full;https://techcrunch.com/2022/03/22/hex-scores-52m-series-b-to-grow-data-science-collaboration-platform;techcrunch.com;Hex has been moving briskly along its startup evolutionary path with its data science collaboration platform growing at a rapid pace, so much so the company attracted the attention of fundraising mega‚Ä¶;"Hex has been moving briskly along its startup evolutionary path with its data science collaboration platform growing at a rapid pace, so much so the company attracted the attention of fundraising mega-firm Andreessen Horowitz and a pair of key industry strategic investors, Snowflake and Databricks.
Company CEO and co-founder Barry McCardel said that it's because his company isn't just targeting a specific group of highly trained data scientists like so many products in this space ‚Äî it is attempting to reach a much broader group of business users who are analytically savvy but lack the full data science skill set.";techcrunch.com;167;tech;US;en;[];https://techcrunch.com/wp-content/uploads/2022/03/Hex-team-photo.jpg?w=533;False;;12.886612;c435f3ccc455101b4c17226db5f707cd
17;Hex scores $52M Series B to grow data science collaboration platform;Ron Miller;2022-03-22 14:18:05;full;https://finance.yahoo.com/news/hex-scores-52m-series-b-141805724.html;yahoo.com;Whatever the case, I'm mostly been lamenting a general lack of traction among robotics in the category, so I'm always happy to see a new contender emerge. Today at the event, Growmark and Solinftec‚Ä¶;"Hex has been moving briskly along its startup evolutionary path with its data science collaboration platform growing at a rapid pace, so much so the company attracted the attention of fundraising mega-firm Andreessen Horowitz and a pair of key industry strategic investors, Snowflake and Databricks.

Company CEO and co-founder Barry McCardel said that it's because his company isn't just targeting a specific group of highly trained data scientists like so many products in this space -- it is attempting to reach a much broader group of business users who are analytically savvy but lack the full data science skill set.";yahoo.com;30;news;US;en;['Ron Miller'];https://s.yimg.com/ny/api/res/1.2/8l1HXk9izr.2r1WNLlCgeA--/YXBwaWQ9aGlnaGxhbmRlcjt3PTEyMDA7aD05MDA-/https://s.yimg.com/uu/api/res/1.2/6EIkDCpTPSUsvjCjtY7dIg--~B/aD05NjA7dz0xMjgwO2FwcGlkPXl0YWNoeW9u/https://media.zenfs.com/en/techcrunch_350/961e336aa1b67c7d8ff9641823cdc5fd;False;;12.839922;7f796ff3d23410eafa27c8bcfb1ac44a
18;Lecturer / Senior Lecturer (E&S) in Business Analytics job with UNIVERSITY OF EXETER;;2022-03-24 10:01:05;full;https://www.timeshighereducation.com/unijobs/listing/287370/lecturer-senior-lecturer-e-and-s-in-business-analytics-;timeshighereducation.com;The University of Exeter combines world-class research with excellent student satisfaction at its campuses...;Lecturer / Senior Lecturer (E&S) in Business Analytics University of Exeter Business School Job reference: R68857 Application closing date: 25 April 2022 Location: Exeter Salary: The starting salary will be from ¬£36,382 on Grade F for the lecturer role, and ¬£46,042 on Grade G for the senior lecturer role, depending on qualifications and experience. The University of Exeter combines world-class research with excellent student satisfaction at its campuses in Exeter and Cornwall. We are a¬† member of the prestigious Russell Group of research-intensive universities.;timeshighereducation.com;1838;news;GB;en;[];"https://www.timeshighereducation.com/unijobs/getasset/0c4a6232-f00e-48e8-a590-2406bf882ba1/;w=600;h=315";False;@timeshigherjobs;12.250236;0c34c4aa6bc54980ee412fe068d71703
19;UAE launches 10 initiatives to empower 15,000 coders in 6 months;Sherouk Zakaria;2022-03-23 04:37:40;full;https://www.zawya.com/en/smes/technology/uae-launches-10-initiatives-to-empower-15-000-coders-in-6-months-k51ghzvh;zawya.com;Open to expats and citizens, the Coders HQ initiatives aim to create a large community of trained coders in the UAE;As part of the country's efforts to create a pool of digital skilled professionals in the workforce, 10 initiatives were launched on Tuesday to empower 15,000 coders in the UAE over the next six months.The group of initiatives, launched under Coders HQ in partnership with global tech companies, are part of the benchmark National Program for Coders that aims to attract 100,000 coders to the UAE by end of this year.Open to expats and citizens, the Coders HQ initiatives aim to create a large community of trained coders in the UAE and provide programmers with optimal job opportunities in the market.;zawya.com;9644;economics;AE;en;['Sherouk Zakaria'];https://static.zawya.com/version/c:MWU1YzYzMmYtOTUzZS00:Zjk1ZDQx/190625052552sbvp-jpg.jpg;False;;12.040108;5090922645188f7cb13b3f07d8b6d76c
20;An ear for every sword in Cinco Villas before a cattle without caste;Newsroom InfobaeMarch 21, 2022;2022-03-21 05:30:37;full;https://www.infobae.com/en/2022/03/21/an-ear-for-every-sword-in-cinco-villas-before-a-cattle-without-caste;infobae.com;An ear for every sword in Cinco Villas before a cattle without caste;"Santiago de Cuautlalpan (Mexico), 20 Mar Spaniard Curro D√≠az and Mexicans Diego S√°nchez and Juan Pedro Llaguno each cut one ear at the Cinco Villas Spring Corrida in Santiago de Cuautlalpan, in the State of Mexico. The five bulls of Cierro Viejo correct presentation and discarded. The one in Maravillas without a rag and some caste. Three-quarters of entry was recorded.
A run marked by the lack of bravery and mobility of the Cierro Viejo, of very poor play on the horse, which also had good bullfighting moments by Curro D√≠az and Juan Pedro Llaguno, although the first one with very clear ideas about his bullfighting and the second, recently doctorate, with obvious confusion about the bullfighter that he should be.";infobae.com;2721;news;AR;en;['Newsroom Infobae'];https://www.infobae.com/pf/resources/images/fallback-promo-image.png?d=914;False;@infobae;11.96863;69ecc28cc512c424e61428e0af24e628
21;Application of Machine Learning in the Reliability Evaluation of Pipelines for the External Anticorrosion Coating;Zhifeng Zhao | Mingyuan Chen | ... | Nailu Zhang;2022-03-24 13:05:03;full;https://www.hindawi.com/journals/cin/2022/4759514;hindawi.com;The purpose of this research is to enhance the analysis of the reliability status for external anticorrosive coatings. With the limitation and insufficiency of the static evaluation method, we study‚Ä¶;The purpose of this research is to enhance the analysis of the reliability status for external anticorrosive coatings. With the limitation and insufficiency of the static evaluation method, we study and construct an evaluation method of dynamic reliability for the anticorrosive layer, integrating the trend analysis of the Markov chain and the set pair theory. This method is implemented by the machine learning software of PyCharm community edition, based on Python language. The algorithm utilizes the connection degree in the set pair theory to determine the risk levels of the anticorrosive coating systems.;Copyright ¬© 2022 Zhifeng Zhao et al. All rights reserved.;1388;science;GB;en;['Zhifeng Zhao, Mingyuan Chen, Heng Fan, and Nailu Zhang'];https://images.hindawi.com/journals/cin/cin.banner.jpg;False;;11.463329;091ef6276cb68eb59eaa56e85a009784
22;Kim Kardashian savaged by fans for flogging old Yeezy shoes for $375;Callum Wells For Mailonline;2022-03-20 10:48:18;full;https://www.dailymail.co.uk/tvshowbiz/article-10632605/She-didnt-pay-Kim-Kardashian-savaged-fans-flogging-old-Yeezy-shoes-375.html;dailymail.co.uk;The 41-year-old has been savaged by fans for reselling Yeezy shoes priced at $375, due to speculation her estranged husband Kanye West gave them to her for free.;Published: 06:48 EDT, 20 March 2022 | Updated: 07:00 EDT, 20 March 2022 Kim Kardashian has been savaged by fans for reselling Yeezy shoes priced at $375, due to speculation her estranged husband Kanye West gave them to her for free.The billionaire reality star, 41, is currently in the midst of an acrimonious divorce from Kanye, but didn't miss an opportunity to make some money from the shoes he had designed.She is flogging the mesh caged heels on her family's Kardashian Kloset website, where they have been known to multiply prices by¬†up to nine times more than other outlets.;Copyright 2022 Associated Newspapers Ltd;128;entertainment;GB;en;['Callum Wells', 'Callum Wells For Mailonline'];https://i.dailymail.co.uk/1s/2022/03/20/10/55574675-0-image-a-27_1647772992026.jpg;False;;11.332418;73c2324865f2463d97a10927a4f3e9df
23;UAE launches 10 initiatives to empower 15,000 coders in 6 months;Sherouk Zakaria;2022-03-22 16:50:03;full;https://www.khaleejtimes.com/tech/uae-launches-10-initiatives-to-empower-15000-coders-in-6-months;khaleejtimes.com;Open to expats and citizens, the Coders HQ initiatives aim to create a large community of trained coders in the UAE;"Minister Omar Al Olama speaks during the launch of the initiatives to empower 15,000 coders. Published: Tue 22 Mar 2022, 8:50 PM Last updated: Tue 22 Mar 2022, 10:36 PM 
 As part of the country's efforts to create a pool of digital skilled professionals in the workforce, 10 initiatives were launched on Tuesday to empower 15,000 coders in the UAE over the next six months. The group of initiatives, launched under Coders HQ in partnership with global tech companies, are part of the benchmark National Program for Coders that aims to attract 100,000 coders to the UAE by end of this year.";khaleejtimes.com;2515;economics;AE;en;['Sherouk Zakaria'];https://image.khaleejtimes.com?uuid=a4625f32-7166-58b6-a45e-2ba8d0d4fcc7&function=cropresize&type=preview&source=false&q=75&crop_w=0.99999&crop_h=0.84396&x=0&y=0&width=1200&height=675;False;@khaleejtimes;11.297486;9cc9d639710aba621f72446217652972
24;Research Fellow in Epidemic Decision Support job with UNIVERSITY OF MELBOURNE;;2022-03-18 07:27:33;full;https://www.timeshighereducation.com/unijobs/listing/286553/research-fellow-in-epidemic-decision-support;timeshighereducation.com;Join a collaborative research programme to develop a decision support system for pandemic emergency.;"Job no:¬†0055643 Location: Parkville Role type: Full¬†time; Fixed-term for 18 months¬†(2 x positions available) Faculty: Medicine, Dentistry and Health Sciences Department/School: Melbourne School of Population and global Health Salary: Level A¬†‚Äì $75,289 -¬†$102,163 or Level B¬†‚Äì $107,547 -¬†$127,707 p.a. plus 17% super Founded in 1853, the University of Melbourne is Australia's #1 university and is consistently ranked amongst the leading universities in the world. We are proud of our people, our commitment to research and teaching excellence, and our global engagement.";timeshighereducation.com;1838;news;GB;en;[];"https://www.timeshighereducation.com/unijobs/getasset/16f5560b-818c-4a26-b167-fb25bea7ab3b/;w=600;h=315";False;;10.448946;37eb0d7f7f9027caa506f3a178093eee
25;InterSystems Named 'Business Intelligence Solution Provider of the Year' in 2022 Data Breakthrough Awards Program;;2022-03-24 13:23:00;full;http://www.businesswire.com/news/home/20220323006003/en/InterSystems-Named-%E2%80%9CBusiness-Intelligence-Solution-Provider-of-the-Year%E2%80%9D-in-2022-Data-Breakthrough-Awards-Program/?feedref=JjAwJuNHiystnCoBq_hl-Q-tiwWZwkcswR1UZtV7eGe24xL9TZOyQUMS3J72mJlQ7fxFuNFTHSunhvli30RlBNXya2izy9YOgHlBiZQk2LOzmn6JePCpHPCiYGaEx4DL1Rq8pNwkf3AarimpDzQGuQ==;businesswire.com;CAMBRIDGE, Mass.--(BUSINESS WIRE)--InterSystems, a creative data technology provider dedicated to helping customers solve the most critical scalability, interoperability, and speed problems, today announced that it has been recognized as winner of the 'Business Intelligence Solution Provider of the Year' award in the 3rd annual Data Breakthrough Awards program conducted by Data Breakthrough, an independent market intelligence organization that recognizes the top companies, technologies and prod;CAMBRIDGE, Mass.--(BUSINESS WIRE)--InterSystems, a creative data technology provider dedicated to helping customers solve the most critical scalability, interoperability, and speed problems, today announced that it has been recognized as winner of the 'Business Intelligence Solution Provider of the Year' award in the 3rd annual Data Breakthrough Awards program conducted by Data Breakthrough, an independent market intelligence organization that recognizes the top companies, technologies and products in the global data technology market today.;Copyright 2022, Business Wire.;297;tech;US;en;[];https://mms.businesswire.com/media/20220323006003/en/803884/23/INTS_CreativeDataTechnology_Logo_CMYK.jpg;False;@businesswire;10.367935;e5c9ed4b1e1b2f0f5214443c5566d692
26;Grant-Funded Researcher A, Australian Institute for Machine Learning job with UNIVERSITY OF ADELAIDE;;2022-03-22 06:25:29;full;https://www.timeshighereducation.com/unijobs/listing/286901/grant-funded-researcher-a-australian-institute-for-machine-learning;timeshighereducation.com;Be part of the Australian Institute of Machine Learning ‚Äì the largest computer vision and machine ...;(Level A) $71,401 to $96,007 per annum plus an employer contribution of up to 17% superannuation may apply Fixed Term Position for Two Years Be part of the Australian Institute of Machine Learning ‚Äì the largest computer vision and machine learning research group in Australia. We are seeking a postdoctoral researcher for the SmartSat CRC-funded project Space Analytics Engine for On-Board Machine Learning and Multi-Modal Data Fusion. The researcher will conduct basic and applied research on space-based machine learning algorithms for space applications.;timeshighereducation.com;1838;news;GB;en;[];"https://www.timeshighereducation.com/unijobs/getasset/7f224dbc-ca7f-4b0d-a011-17167af1177e/;w=600;h=315";False;@timeshigherjobs;10.359735;af4a0c6a9a560e622b1b213e16af8b9f
27;GPT-3, Play Chess!;Shameed Sait;2022-03-22 14:31:32;full;https://towardsdatascience.com/gpt-3-play-chess-d123a96096a9;towardsdatascience.com;How to create a chess engine using GPT-3;Photo by sk from Pexelshere are many demos of GPT-3 doing wonders at generating source code, writing stories, etc. I combined two of my interests, AI and Chess, to explore the possibility of creating a chess engine using GPT-3. Chess AIs are common, and they can easily beat even the best human players. The goal of utilizing GPT-3 to create a chess engine is to test if a single AI model can perform several jobs, such as writing stories and chess. Existing AI solutions are Narrow AI, meaning they can only accomplish one task.;towardsdatascience.com;3641;news;US;en;['Shameed Sait'];https://miro.medium.com/max/1200/1*KytpdjnlyeaJoUMnnD-iCA.jpeg;False;@TDataScience;9.437785;f8bdc40bd28f1606262b9a67a1469dfa
28;Supply Chain Officer (Planning & Optimization) P3;World Food Programme;2022-03-18 08:12:38;full;https://reliefweb.int/job/3828690/supply-chain-officer-planning-optimization-p3;reliefweb.int;"Logistics/Procurement Job in Kenya, requiring 5-9 years of experience, from WFP; closing on 03 Apr 2022";WFP celebrates and embraces diversity. It is committed to the principle of equal employment opportunity for all its employees and encourages qualified candidates to apply irrespective of race, colour, national origin, ethnic or social background, genetic information, gender, gender identity and/or expression, sexual orientation, religion or belief, HIV status, physical or mental disability. Are you a Supply Chain Planning & Optimization professional interested in further developing your professional experience while contributing to ending global hunger? Are you passionate about helping those in need? Would you like to join a global organisation investing in its people? If so, an exciting & fulfilling career awaits you!!! Join our diverse and passionate team that works on varied and international projects directly contributing to saving & changing millions of lives around the globe.;You should respect the intellectual property rights of the original source. Please contact the source directly if you want to re-use their content.;2366;economics;LR;en;['World Food Programme'];https://reliefweb.int/apple-touch-icon.png;False;@reliefweb;8.842178;3cc10872f2edca2d24d5d0dd1f53eab1
29;Software Developer (Android);;2022-03-18 22:30:00;full;https://www.geekwire.com/jobs/job/kexp-seattle-2-software-developer-android;geekwire.com;KEXP is seeking a full-stack software developer with Android experience to join our team full-time. The role works within the Product Development team to develop a quality set of online services to‚Ä¶;KEXP is seeking a full-stack software developer with Android experience to join our team full-time. The role works within the Product Development team to develop a quality set of online services to engage KEXP listeners and music fans. The Software Developer collaborates with their colleagues who collectively participate in the building and maintenance of KEXP.ORG, other KEXP websites, mobile apps, and other web-related projects for KEXP, as well as supporting partnerships with outside technology organizations.;geekwire.com;1908;economics;US;en;[];https://www.geekwire.com/jobs/wp-content/uploads/sites/2/job-manager-uploads/company_logo/2022/03/kexp-logo.jpg;False;@GeekWork;8.61701;68eb704bd0f755d3a1b2df49ca37324e
30;JFrog Partners with Softline India to Accelerate DevOps and DevSecOps Adoption;;2022-03-24 05:30:00;full;https://www.businesswire.com/news/home/20220323006040/en/JFrog-Partners-with-Softline-India-to-Accelerate-DevOps-and-DevSecOps-Adoption;businesswire.com;JFrog Ltd. ('JFrog') (NASDAQ: FROG), the Liquid Software company and creators of the JFrog DevOps Platform, today announced a new partnership with Sof;March 24, 2022 01:30 AM Eastern Daylight Time SUNNYVALE, Calif. & BANGALORE, India--(BUSINESS WIRE)--JFrog Ltd. ('JFrog') (NASDAQ: FROG), the Liquid Software company and creators of the JFrog DevOps Platform, today announced a new partnership with Softline India, Ltd., a global provider of IT solutions and services, to help companies in India seamlessly and securely deliver software updates from distributed development environments all the way to the edge. Starting immediately, organizations in India will be able to purchase the JFrog Platform through Softline India, Ltd.;Copyright 2022, Business Wire.;297;tech;US;en;[];https://mms.businesswire.com/media/20220323006040/en/1399661/23/JFrog_logo.jpg;False;@businesswire;8.607072;42dd889d23a70af16f26b45f68ff4a78
31;JFrog Partners with Softline India to Accelerate DevOps and DevSecOps Adoption;;2022-03-24 05:38:44;full;https://finance.yahoo.com/news/jfrog-partners-softline-india-accelerate-053000264.html;yahoo.com;Partnership Enables Softline Consultants to Provide the JFrog Platform for Supporting Customers' Digital Transformation and Software Supply Chain Security InitiativesSUNNYVALE, Calif. & BANGALORE,‚Ä¶;"Partnership Enables Softline Consultants to Provide the JFrog Platform for Supporting Customers' Digital Transformation and Software Supply Chain Security Initiatives

SUNNYVALE, Calif. & BANGALORE, India, March 24, 2022--(BUSINESS WIRE)--JFrog Ltd. (""JFrog"") (NASDAQ: FROG), the Liquid Software company and creators of the JFrog DevOps Platform, today announced a new partnership with Softline India, Ltd., a global provider of IT solutions and services, to help companies in India seamlessly and securely deliver software updates from distributed development environments all the way to the edge.";yahoo.com;30;news;US;en;[];https://s.yimg.com/uu/api/res/1.2/xLnE29tv8SSji28BSFSA1A--~B/aD0yMjU7dz0yMjU7YXBwaWQ9eXRhY2h5b24-/https://media.zenfs.com/en/business-wire.com/d278efbd0e302c8ed303394fba984a4f;False;;8.584438;29c065ca791a75238d8bbc1a480a444b
32;Regional ICT Coordinator (Developer);Norwegian Refugee Council;2022-03-21 15:37:42;full;https://reliefweb.int/job/3829522/regional-ict-coordinator-developer-middle-east-office-jordanian-nationals-only;reliefweb.int;"Information and Communications Technology Job in Jordan, requiring 3-4 years of experience, from NRC; closing on 04 Apr 2022";The Norwegian Refugee Council (NRC) is an independent humanitarian organisation helping people forced to flee. We work in crises across more than 31 countries, providing emergencies and long-term assistance to millions of people every year. We stand up for people forced to flee, advocating their rights. NORCAP, our global provider of expertise, helps improve international and local ability to prevent, prepare for, respond to and recover from crises. NRC also runs the Internal Displacement Monitoring Centre in Geneva, a global leader in reporting on and advocating for people displaced within their own country.;You should respect the intellectual property rights of the original source. Please contact the source directly if you want to re-use their content.;2366;economics;LR;en;['Norwegian Refugee Council'];https://reliefweb.int/apple-touch-icon.png;False;@reliefweb;8.520444;c250c408bace2811c6b734ec315fbb2b
33;JFrog Partners with Softline India to Accelerate DevOps and DevSecOps Adoption;MarketScreener;2022-03-24 05:32:02;full;https://www.marketscreener.com/quote/stock/JFROG-LTD-112440355/news/JFrog-Partners-with-Softline-India-to-Accelerate-DevOps-and-DevSecOps-Adoption-39843254/?utm_medium=RSS;marketscreener.com;Partnership Enables Softline Consultants to Provide the JFrog Platform for Supporting Customers' Digital Transformation and Software Supply Chain Security Initiatives ... | March 24, 2022;JFrog Ltd. ('JFrog') (NASDAQ: FROG), the Liquid Software company and creators of the JFrog DevOps Platform, today announced a new partnership with Softline India, Ltd., a global provider of IT solutions and services, to help companies in India seamlessly and securely deliver software updates from distributed development environments all the way to the edge. Starting immediately, organizations in India will be able to purchase the JFrog Platform through Softline India, Ltd., while also benefiting from Softline's full range of consulting services spanning secure asset management, asset profiling, vulnerability management, open source library management, security and governance processes.;Copyright 2001 - 2022 Surperformance;5864;finance;US;en;['MarketScreener'];https://www.marketscreener.com/images/twitter_MS_fdgris.png;False;@ForTraders;8.516686;f5280f1b8366c31fa9e6c88a5c8d4614
34;Data Analyst Salary: Skills and Tips for Maximizing It;Nathan Eddy;2022-03-22 11:00:00;full;https://insights.dice.com/2022/03/22/data-analyst-salary-skills-and-tips-for-maximizing-it;dice.com;A data analyst is more crucial than ever to modern businesses. How much do data analysts earn on average, and how can you boost that salary?;As data becomes crucial to all organizations' functions, the need for accurate analysis is also rising in lockstep. That's why data analysts are more valuable than ever‚Äîbut how does that translate into the actual data analyst salary? And if you're applying for this role, what can you focus on to maximize your earning potential? Before we move forward, let's take a moment to distinguish between data analysts and data scientists. Data analysts generally focus on smaller, more tactical data problems.;dice.com;6372;science;US;en;"['Nathan Eddy', 'Nathan Eddy Is A Business Technology Writer', ""A Graduate Of Northwestern University'S Medill School Of Journalism. He Has Written For Fiercemarkets"", 'Popular Science', 'Eweek', 'Other Publications.']";https://insights.dice.com/wp-content/uploads/2021/08/shutterstock_397576399.jpg;False;@Dicedotcom;8.488785;4d28227fc6bea86aff4e06b2b40ee430
35;UAE launches 10 initiatives to empower 15,000 coders in 6 mo...;;2022-03-22 18:30:00;timezone unknown;https://menafn.com/1103893339/UAE-launches-10-initiatives-to-empower-15000-coders-in-6-months&source=28;menafn.com;Published: Tue 22 Mar 2022, 8:50 PM As part of the country's efforts to create a pool of digital skilled professionals in the workforce, 1;"(MENAFN- Khaleej Times)

Published: Tue 22 Mar 2022, 8:50 PM

As part of the country's efforts to create a pool of digital skilled professionals in the workforce, 10 initiatives were launched on Tuesday to empower 15,000 coders in the UAE over the next six months.

The group of initiatives, launched under Coders HQ in partnership with global tech companies, are part of the benchmark National Program for Coders that aims to attract 100,000 coders to the UAE by end of this year.

Open to expats and citizens, the Coders HQ initiatives aim to create a large community of trained coders in the UAE and provide programmers with optimal job opportunities in the market.";menafn.com;7126;news;US;en;[];https://menafn.com/updates/pr/2022-03/22/KT_0591aimage_story.jpg;False;;8.478556;c2c0f682e376c083248cc7e1e7ebf0e7
36;Oswego East Student-Athlete of the Week-Jensen Coonradt;;2022-03-18 15:35:35;full;https://patch.com/illinois/oswego/oswego-east-student-athlete-week-jensen-coonradt;patch.com;One of your neighbors posted in Schools. Click through to read what they have to say. (The views expressed in this post are the author's own.);This post was contributed by a community member. The views expressed here are the author's own.By first meeting sophomore Jensen Coonradt, it is obvious she has an infectious and bright personality, one in which people seemingly gravitate. What is not so obvious is how accomplished this young woman is as only a sophomore. With a resume complete enough at this point that most colleges would dream of having her as a student, it is clear she has little intention of resting on her laurels. Whether she is competing for the varsity as a badminton player or heading up her Robotics team at the World Championships, Jensen continues to attack each day with enthusiasm and a strong desire to compete, which is why she is this week's Oswego East student-athlete of the week.;patch.com;881;news;US;en;[];https://patch.com/img/cdn20/users/22220200/20220318/113532/styles/patch_image/public/jensen___18113417033.jpg;False;;8.279633;3543970b43115fcd8e220d1fe3d788fb
37;ReeceGoding/Frustration-One-Year-With-R: An extremely long review of R.;ReeceGoding;2022-03-22 12:30:00;timezone unknown;https://github.com/ReeceGoding/Frustration-One-Year-With-R;github.com;An extremely long review of R. Contribute to ReeceGoding/Frustration-One-Year-With-R development by creating an account on GitHub.;"Reece Goding
1 Introduction
What follows is an account of my experiences from about one year of
roughly daily R usage. It started out as a list of things that I liked
and disliked about the language, but eventually grew to be something
huge. Once the list exceeded ten thousand words, I knew that it must be
published. By the time I was done, it had nearly tripled in length. It
took five months of weekends just to get it all in R Markdown.
This isn't an attack on R or a pitch for anything else. It is only an
account of what I've found to be right and wrong with the language.";;23;news;US;en;[];https://opengraph.githubassets.com/ce2392f7db2d930896330a2f9aa2bd8b997d19e1d1a3ba3d531ee74bdddf5423/ReeceGoding/Frustration-One-Year-With-R;False;;8.268546;d4271ac90ae7a32ffe73b6f628156ba5
38;ui/ux training institutes in Hyderabad;KumarNaik21@slideshare.net(KumarNaik21);2022-03-22 11:27:18;full;https://www.slideshare.net/KumarNaik21/uiux-training-institutes-in-hyderabad-251399314;slideshare.net;1. UI/UX Training in Hyderabad 2. UI refers to user interface design, while UX stands for user experience design. Both UI and UX are vital for an IT product. With Eduxfactor's UI/UX training course,‚Ä¶;"1. UI/UX Training in Hyderabad 2. UI refers to user interface design, while UX stands for user experience design. Both UI and UX
are vital for an IT product. With Eduxfactor's UI/UX training course, familiarize yourself with UI
principles like color, balance, contrast, typography, and consistency. Learn the creative UX
process, learn the latest web design tools, and get mentored to achieve excellence in UI/UX.
UI/UX Training in Hyderabad Course Overview 3. ‚óè An Introduction to UI/UX UI/UX is an acronym for user interface and user experience
design.";slideshare.net;108;news;unknown;en;['KumarNaik21'];https://cdn.slidesharecdn.com/ss_thumbnails/uiuxtraininginhydppt-converted-220322112718-thumbnail-4.jpg?cb=1647948943;False;@slideshare;8.255846;f8ebb32b917a0f0d9ce9e3ae98cf5754
39;Radiomics of Patients with Locally Advanced Rectal Cancer: Effect of Preprocessing on Features Estimation from Computed Tomography Imaging;Stefania Linsalata | Rita Borgheresi | ... | Marco Giannelli;2022-03-20 09:05:00;full;https://www.hindawi.com/journals/bmri/2022/2003286;hindawi.com;The purpose of this study was to investigate the effect of image preprocessing on radiomic features estimation from computed tomography (CT) imaging of locally advanced rectal cancer (LARC). CT images‚Ä¶;The purpose of this study was to investigate the effect of image preprocessing on radiomic features estimation from computed tomography (CT) imaging of locally advanced rectal cancer (LARC). CT images of 20 patients with LARC were used to estimate 105 radiomic features of 7 classes (shape, first-order, GLCM, GLDM, GLRLM, GLSZM, and NGTDM). Radiomic features were estimated for 6 different isotropic resampling voxel sizes, using 10 interpolation algorithms (at fixed bin width) and 6 different bin widths (at fixed interpolation algorithm).;Copyright ¬© 2022 Stefania Linsalata et al. All rights reserved.;1388;news;GB;en;['Stefania Linsalata, Rita Borgheresi, Daniela Marfisi, Patrizio Barca, Aldo Sainato, Fabiola Paiar, Emanuele Neri, Antonio Claudio Traino, and Marco Giannelli'];https://images.hindawi.com/journals/bmri/bmri.banner.jpg;False;;7.948124;ceab8bc83b22de494f50d5155cf63202
40;10 Comedy Films From The 1970s All Gen Zers Should See At Least Once;Haley Petersen;2022-03-22 21:00:14;full;https://collider.com/comedy-films-from-the-seventies-all-gen-zers-should-see-at-least-once;collider.com;Movies like Cheech and Chong's Up In Smoke, The Three Musketeers, and Young Frankenstein await a Gen Z revival.;As different as Millennials and Gen Z are, that isn't to say that we can't enjoy some cinema of the past. The '70s were a unique time when it came to filmmaking. Low budget films were being pumped out one by one and art house cinema came to a head as more and more movie theaters popped up around the country. Not all the films on this list are low-budget indie films, but they are all comedies from the '70s. Be it for their social commentary or their absurdist humor, they are all valuable to the generations of today.;collider.com;3183;gaming;US;en;['Haley Petersen'];https://static1.colliderimages.com/wordpress/wp-content/uploads/2022/03/pjimage-24.jpg;False;@collider;7.89458;d5ac3246d272d704e3566e680ac19e4b
41;X Review: Ti West Dissects Horror in This A24 Masterpiece;Matthew Mahler;2022-03-18 19:07:11;full;https://movieweb.com/x-review-a24-horror;movieweb.com;X, the first scary movie from Ti West in nearly a decade, makes up for lost time with its very adult deconstruction.;"The new Ti West horror film X may be brimming with body parts, but audiences will be disappointed if that's all they expect to see. While X is undoubtedly entertaining and bonkers fun, with stylized violence and risqu√© sensuality, it's likely to be loved by film critics more than horror audiences. It's actually an intellectual, provocative piece of art and theory disguised as a throwback horror exploitation film; it's one of the best A24 movies of the past couple of years. Putting the X in Texas, 1979 Massive letters decorated by U.";movieweb.com;5386;gaming;US;en;['Matthew Mahler'];https://static1.moviewebimages.com/wordpress/wp-content/uploads/2022/03/X2.webp;False;@movieweb;7.5504375;26102a8f3943f771a69983fa7dae95cb
42;From 'Back to the Future' to 'Doctor Who': 10 of the Coolest Time Machines In Movies and TV;Ed Brown;2022-03-19 14:00:15;full;https://collider.com/coolest-time-machines-in-movies-tv;collider.com;Time machines are a staple in fiction, from the flashy (like in 'Back to the Future') to the mundane (like in 'Hot Tub Time Machine').;Science fiction is littered with time machines of all different shapes and sizes, with a litany of different rules and regulations that may or may not need to be followed if the protagonists want to avoid blowing up the universe. Some of these time machines make perfect logical sense (as far as time travel goes). Others, not so much. Either way, the genre provides huge opportunities for creativity, and some of the time machines that have been dreamed up by writers aiming for absurdity, realism, or just plain old awesomeness have inspired audiences and stood the test of time (which is rather fitting when you think about it).;collider.com;3183;gaming;US;en;['Ed Brown'];https://static1.colliderimages.com/wordpress/wp-content/uploads/2022/03/pjimage-(9)-4.jpg;False;@collider;6.8346767;86b8ebb21188a294c843bcae1f071900
43;Supporting Immunization Uptake during a Pandemic, Using Remote Phone Call Intervention among Babies Discharged from a Special Neonatal Care Unit (SNCU) in South India;Himabindu Singh;2022-03-25 00:00:00;date;https://www.mdpi.com/2076-393X/10/4/507;mdpi.com;COVID-19 has impacted children's immunization rates, putting the lives of children at risk. The present study assesses the impact of phone-call counseling, on immunization uptake during the pandemic.‚Ä¶;"Open AccessArticle by
 1, 1,*, 1, 1, 2, 1, 1, 3, 3, 2, 4 and 5 


1
Aurora Health Innovations, Bengaluru 560038, India


2
Noora Health, Bengaluru 560038, India


3
United Nations Children's Fund India, Hyderabad 500034, India


4
Niloufer Hospital, Hyderabad 500004, India


5
Department of Neonatology and Pediatrics, Osmania Medical College, Hyderabad 500095, India


* Author to whom correspondence should be addressed. 



Academic Editor: Barbara Rath

Vaccines 2022, 10(4), 507; https://doi.org/10.";Creative Commons Attribution (CC-BY);668;science;CH;en;['Seema Murthy', 'Meenal Sawant', 'Sahana Sadholalu Doreswamy', 'Sateesh Chandra Pothula', 'Shirley Du Yan', 'Tanmay Singh Pathani', 'Deepali Thakur', 'Srikrishna Rajarama Sastry Vemuri', 'Sanjeev Upadhyaya', 'Shahed Alam', 'Madireddy Alimelu', 'Himabindu Singh'];https://www.mdpi.com/vaccines/vaccines-10-00507/article_deploy/html/images/vaccines-10-00507-g001-550.jpg;False;@MDPIOpenAccess;6.5208673;91e0da758b3959b79dd14a1acfa304ba
44;Research on Location Characteristics of UCF Layout Based on DNSCAN Algorithm;Lu, Zhao;2022-03-22 14:05:00;full;https://www.hindawi.com/journals/mpe/2022/2222232;hindawi.com;Since the reform and opening up, the prosperity of culture has always been the strong desire of the party and the country, and repeatedly put forward the goal of improving the public cultural service‚Ä¶;Since the reform and opening up, the prosperity of culture has always been the strong desire of the party and the country, and repeatedly put forward the goal of improving the public cultural service system (PCSS), requiring priority development of infrastructure construction related to the vital cultural interests of the people. Urban cultural facilities (UCF) are an important material basis in the cultural service system. The essential assurance for achieving the goal of developing a PCSS that covers the entire community is to improve the layout of cultural facilities (CF) and to allocate CF in a scientific and reasonable manner.;Copyright ¬© 2022 Zhao Lu. All rights reserved.;1388;science;GB;en;['Zhao Lu'];https://images.hindawi.com/journals/mpe/mpe.banner.jpg;False;;6.089043;211967d8daace3a4e841b3d23f4507a4
45;Study on the influencing factors KAP about tuberculosis;Dove Press;2022-03-23 14:37:21;full;https://www.dovepress.com/study-on-the-influencing-factors-of-knowledge-attitudes-and-practice-a-peer-reviewed-fulltext-article-IDR;dovepress.com;Investigating to understand the current status of knowledge, attitudes, and practices about tuberculosis among freshmen from Jiangsu colleges and universities.;PTB is a kind of disease that caused tuberculous pathological changes of the respiratory system by mycobacterium tuberculosis infection.1 According to Global Tuberculosis Report 2020, China is still a high-burden country of PTB.2 Additionally, due to the outbreak of COVID-19 by the end of 2019, TB notification and follow-up examinations in China were affected, Prevention and control progress of PTB had been severely disrupted.3 A prevalent trend may recover in the future. Currently, the number of new PTB cases in China ranks No.;dovepress.com;6889;economics;GB;en;['Dove Press', 'Guoping Du', 'Chao Li', 'Yangyang Liu', 'Fulai Tu', 'Ruizhe Yang', 'Rui Li', 'Hongbing Shen', 'Wei Li', 'Author Guidelines'];https://www.dovepress.com/assets/img/addon/og_logo.png;False;;6.0027018;256f90b4f71eb6256ad6950795127b1c
46;The Old Masters in the Louvre, and Modern Art;Eugene Benson;2022-03-24 23:15:00;timezone unknown;https://www.theatlantic.com/magazine/archive/1868/01/the-old-masters-in-the-louvre-and-modern-art/627873;theatlantic.com;"EACH generation has to cultivate anew an appreciation of the great works of the past. It is not enough that the masters of art and of life were crowned in their time ; it is not enough that they won‚Ä¶";"EACH generation has to cultivate anew an appreciation of the great works of the past. It is not enough that the masters of art and of life were crowned in their time ; it is not enough that they won the best appreciation of the best spirits of the last century, ‚Äî not enough that the critics, the intellectual testers, the careful assayers for the last generation, found them good. The living public of the present hour, looking with fresh eyes, curiously questions the great men, and demands a re-examination of the grounds of their splendid reputation.";theatlantic.com;202;news;US;en;['Eugene Benson'];https://cdn.theatlantic.com/assets/static/b/theatlantic/img/lacroix-default-thumbnail.png;False;@theatlantic;5.83698;d0cd2531ef988245445cb5fb6e25fbf9
47;Nvidia: Better parallelism coming to standard C++ lib;Agam Shah;2022-03-23 10:15:04;full;https://www.theregister.com/2022/03/23/nvidia_parallelism_cuda;theregister.com;Which could be useful for people writing code to run across CPUs, GPUs, etc;"GTC Nvidia said the lines are blurring between the standard C++ and Nv's CUDA C++ library when it comes to parallel execution of code.
C++ itself is ""starting to enable parallel algorithms and asynchronous execution as first-class components of the language,"" said Stephen Jones, CUDA architect at Nvidia, during a break-out session on CUDA at Nv's GPU Technology Conference (GTC) this week.
""I think, by far the most exciting move for standard C++ in that direction,"" Jones added. A C++ committee is developing an asynchronous programming abstraction layer involving senders and receivers, which can schedule work to run within generic execution contexts.";theregister.com;845;economics;GB;en;['Agam Shah', 'Jessica Lyons Hardcastle', 'Katyanna Quach', 'Lindsay Clark', 'Simon Sharwood', 'Apac Editor', 'Laura Dobberstein', 'Thomas Claburn In San Francisco'];https://regmedia.co.uk/2021/09/07/software_shutterstock.jpg;False;@TheRegister;5.8111243;d4b6ee8775b71e907b1c9153227c0299
48;Best Bruce Willis movies;David Craig;2022-03-19 08:00:39;full;https://www.radiotimes.com/collections/10-best-bruce-willis-films-from-die-hard-to-the-sixth-sense;radiotimes.com;The action star has a more varied backlog than you might expect.;1988John McTiernan126 mins18Action thriller starring Bruce Willis and Alan Rickman. New York cop John McClane gets caught up in a terrorist plot after arriving in Los Angeles to spend Christmas with his estranged wife Holly and his two children. When Holly is taken hostage in the offices of the Japanese corporation she works for, McClane launches a daring rescue attempt.Frequently named as one of the best action films ever made, Die Hard is the one that started it all for Bruce Willis. The actor plays everyman John McClane, a detective for the NYPD who is unexpectedly drawn into a deadly hostage situation on Christmas Eve.;radiotimes.com;4465;news;GB;en;['David Craig'];https://images.immediate.co.uk/production/volatile/sites/3/2022/03/Best-Bruce-Willis-movies-a0caaa4.jpg;False;Radio Times;5.7349825;020997937006370aaca52d93f41c1b60
49;Learn Web3, Build the Internet of the Future;;2022-03-19 23:32:35;full;https://hackernoon.com/learn-web3-build-the-internet-of-the-future;hackernoon.com;I've listed all the tools you'll need if you want to learn web3.;"Most people are familiar with the first two iterations of the internet: Web1 and Web2. These were incredible times that enabled us to exchange information like never before.¬†Although Web2 made it easier for us to access the internet, most of us will agree that we are still at the whim of centralized entities such as Facebook and Google.This brings me to the last iteration of the commercial internet: web3.I've listed all the tools you'll need if you want to learn web3.Decentralized Applications(Dapps)
Decentralizing applications is something that has been happening for a while now, but you might not have heard of it.";hackernoon.com;1899;tech;US;en;[];https://cdn.hackernoon.com/images/EQE4btnh5YZLc9ybRlVhg3Xthkk2-hxa3l7f.jpeg;False;;5.279317;558d2d04ca5dae37f05a006623608993
50;Hulu's Catherine the Great: Huzzah!;;2022-03-25 08:49:50;full;https://www.counterpunch.org/2022/03/25/hulus-catherine-the-great-huzzah;counterpunch.org;By now, those of us who are still paying attention, at all, to world affairs, given the circular nature of our collective disregard for the lessons of;"By now, those of us who are still paying attention, at all, to world affairs, given the circular nature of our collective disregard for the lessons of history and the need to revisit the scene of our crimes over and over again, Marxist buskers with tiny golden cocaine shovels blathering on everywhere you go about controlling the golden means of production, realize that the Russian invasion of Ukraine has its reasons. Lots of reasons. Not just one madman theory.
Among the reasons in play (at least";;3220;news;US;en;[];https://www.counterpunch.org/wp-content/uploads/2021/06/cp-default-share.png;False;@NatCounterPunch;5.2496257;8dfdddc9dd1be77648b8c4363df865f1
51;Panel: WebAssembly;Aaron Turner;2022-03-18 23:51:40;full;https://www.infoq.com/presentations/webassembly-past-present-future;infoq.com;"Aaron Turner, Taylor Thomas, Matt Butcher discuss the past, the present, and the future; where they think this technology will be most impactful in the coming years.";"Eberhardt: For the three of you, what attracted you to WebAssembly? How did you find WebAssembly in the past? If you'd like to introduce yourself, and how did you get into WebAssembly?
Turner: I am Aaron Turner. I'm on the AssemblyScript team, which is a TypeScript like language to WebAssembly. I'm also a Senior Software Engineer at Fastly on the WebAssembly team there. How I got into WebAssembly? I got into it, because I had a frontend JavaScript background, I was building a lot of web apps and things.";infoq.com;3225;business;GB;en;['Aaron Turner', 'Taylor Thomas', 'Matt Butcheri'];https://res.infoq.com/presentations/webassembly-past-present-future/en/mediumimage/qcon-plus-m-1647597875072.jpg;False;;4.9643507;6efb581b421eda8087bea7f171a86cd4
